filename,#CodeChurnInFile,MaxSizeCodeChurn,AvgSizeCodeChurn,#Commits,#Contributors,#MinorContributors,#ContibutorExperience,#Hunks,#LinesAdded,MaxLinesAdded,AvgLinesAdded,#LinesRemoved,MaxLinesRemoved,AvgLinesRemoved,vulnerable
tastypie\fields.py,610,162,10,61,10,6,47.78,3,1094,163,18,484,126,8,1
tests\core\tests\fields.py,1097,248,34,32,7,5,65.2,3.0,1524,249,48,427,163,13,1
tastypie\resources.py,1766,352,12,146,16,13,42.44,3.0,3251,511,22,1485,375,10,1
tests\core\tests\resources.py,2704,419,28,98,11,8,38.5,3.0,3621,423,37,917,350,9,1
docs\authentication_authorization.rst,190,126,19,10,4,2,85.59,1.5,213,126,21,23,10,2,1
AUTHORS,36,3,1,36,6,3,68.0,1.0,43,3,1,7,2,0,1
docs\resources.rst,1676,933,48,35,6,5,91.04,1,2032,942,58,356,92,10,1
tests\basic\tests\views.py,107,52,9,12,5,1,56.73,1.0,176,52,15,69,52,6,1
tastypie\authentication.py,362,118,28,13,5,1,47.41,3,451,130,35,89,54,7,1
tests\core\tests\authentication.py,216,50,18,12,4,1,57.23,3.5,267,53,22,51,25,4,1
tests\settings_core.py,25,19,6,4,4,2,76.0,1.0,25,19,6,0,0,0,1
docs\validation.rst,113,102,56,2,1,0,100.0,5.5,123,102,62,10,10,5,1
tastypie\validation.py,100,59,50,2,1,0,100.0,5.5,110,59,55,10,10,5,1
tests\core\tests\validation.py,151,95,76,2,1,0,100.0,6.5,162,95,81,11,11,6,1
docs\cookbook.rst,295,65,21,14,4,1,82.46,1.0,347,65,25,52,23,4,1
docs\bundles.rst,61,61,61,1,1,0,100.0,1,61,61,61,0,0,0,1
docs\fields.rst,295,239,37,8,2,1,98.37,1.0,301,239,38,6,3,1,1
docs\index.rst,102,69,5,19,2,1,99.28,1,120,69,6,18,16,1,1
docs\toc.rst,33,22,3,12,1,0,100.0,1.0,43,22,4,10,3,1,1
tastypie\bundle.py,21,15,7,3,2,0,51.72,3,25,15,8,4,3,1,1
tests\related_resource\api\resources.py,100,51,20,5,2,0,51.82,2,105,54,21,5,3,1,1
tests\related_resource\api\urls.py,18,9,4,4,2,0,66.67,2.0,21,9,5,3,1,1,1
tests\related_resource\tests.py,197,71,25,8,2,0,64.56,3.0,241,86,30,44,15,6,1
docs\interacting.rst,644,603,129,5,3,2,99.4,1,658,603,132,14,12,3,1
docs\tools.rst,76,76,76,1,1,0,100.0,1,76,76,76,0,0,0,1
setup.py,18,5,1,29,6,3,53.41,1,53,11,2,35,9,1,1
README.rst,86,45,6,15,5,3,89.24,2,122,50,8,36,9,2,1
docs\debugging.rst,72,43,36,2,2,0,59.72,1.0,72,43,36,0,0,0,1
tastypie\authorization.py,77,78,19,4,2,0,91.21,1.0,84,78,21,7,6,2,1
tests\core\tests\authorization.py,131,109,44,3,2,0,82.01,2,135,109,45,4,3,1,1
tastypie\api.py,166,78,11,15,4,2,73.68,2,254,78,17,88,31,6,1
tests\core\tests\api.py,155,95,13,12,3,1,73.77,2.0,270,95,22,115,57,10,1
docs\settings.rst,105,38,18,6,4,1,52.07,1.0,113,38,19,8,8,1,1
tests\core\models.py,49,19,6,8,2,0,50.94,1.0,51,20,6,2,1,0,1
tastypie\http.py,34,8,4,8,3,0,47.06,1.0,34,8,4,0,0,0,1
tests\core\tests\http.py,36,24,9,4,2,0,89.47,1.0,37,24,9,1,1,0,1
tests\basic\tests\resources.py,96,45,19,5,1,0,100.0,2,100,46,20,4,1,1,1
tests\core\tests\serializers.py,440,94,23,19,4,0,43.23,4,530,103,28,90,16,5,1
tastypie\serializers.py,396,83,12,32,4,1,51.77,4.0,537,83,17,141,24,4,1
docs\serialization.rst,311,250,52,6,2,1,98.43,1.0,315,250,52,4,2,1,1
tox.ini,42,35,21,2,1,0,100.0,2.5,46,35,23,4,4,2,1
docs\tutorial.rst,358,314,22,16,3,0,79.92,1.0,443,314,28,85,20,5,1
docs\who_uses.rst,50,20,12,4,1,0,100.0,1.0,50,20,12,0,0,0,1
tests\core\utils.py,8,8,8,1,1,0,100.0,1,8,8,8,0,0,0,1
requirements.txt,7,5,2,4,3,0,55.56,1.0,8,5,2,1,1,0,1
tests\core\tests\utils.py,71,56,14,5,2,0,83.1,1,71,56,14,0,0,0,1
.gitignore,11,5,2,5,1,0,100.0,2,16,7,3,5,2,1,1
tests\related_resource\models.py,57,46,19,3,2,0,80.7,1,57,46,19,0,0,0,1
tastypie\paginator.py,170,57,14,12,4,1,57.6,2.0,210,57,18,40,12,3,1
tests\core\tests\paginator.py,158,85,23,7,4,0,47.22,1,169,85,24,11,11,2,1
tastypie\models.py,59,38,12,5,3,1,68.25,1,61,38,12,2,2,0,1
docs\conf.py,194,194,12,16,2,1,96.51,2.0,226,194,14,32,6,2,1
tastypie\__init__.py,0,103,0,20,2,0,54.51,1.0,122,104,6,122,98,6,1
docs\api.rst,99,88,25,4,1,0,100.0,1.0,103,88,26,4,3,1,1
tastypie\migrations\0001_initial.py,94,94,94,1,1,0,100.0,1,94,94,94,0,0,0,1
tastypie\migrations\__init__.py,0,0,0,1,,,,0,0,0,0,0,0,0,1
tastypie\exceptions.py,76,24,5,14,4,2,60.34,1.0,96,28,7,20,11,1,1
tests\slashless\tests.py,51,49,13,4,1,0,100.0,1.0,54,49,14,3,1,1,1
tastypie\utils\formatting.py,48,19,12,4,2,1,97.92,1.0,48,19,12,0,0,0,1
tests\manage_validation.py,18,18,18,1,1,0,100.0,1,18,18,18,0,0,0,1
tests\run_all_tests.sh,41,10,4,10,5,0,33.33,1.0,46,10,5,5,3,0,1
tests\settings_validation.py,5,5,5,1,1,0,100.0,1,5,5,5,0,0,0,1
tests\validation\__init__.py,0,0,0,1,,,,0,0,0,0,0,0,0,1
tests\validation\api\__init__.py,0,0,0,1,,,,0,0,0,0,0,0,0,1
tests\validation\api\resources.py,26,26,26,1,1,0,100.0,1,26,26,26,0,0,0,1
tests\validation\api\urls.py,11,11,11,1,1,0,100.0,1,11,11,11,0,0,0,1
tests\validation\fixtures\initial_data.json,38,38,38,1,1,0,100.0,1,38,38,38,0,0,0,1
tests\validation\models.py,0,0,0,1,,,,0,0,0,0,0,0,0,1
tests\validation\tests.py,29,29,29,1,1,0,100.0,1,29,29,29,0,0,0,1
tastypie\templates\tastypie\basic.html,29,28,14,2,2,0,84.85,2.0,31,28,16,2,2,1,1
tests\manage_related.py,18,18,18,1,1,0,100.0,1,18,18,18,0,0,0,1
tests\related_resource\__init__.py,0,0,0,1,,,,0,0,0,0,0,0,0,1
tests\related_resource\api\__init__.py,0,0,0,1,,,,0,0,0,0,0,0,0,1
tests\related_resource\fixtures\initial_data.json,38,38,38,1,1,0,100.0,1,38,38,38,0,0,0,1
tests\related_resource\views.py,1,1,1,1,1,0,100.0,1,1,1,1,0,0,0,1
tests\settings_related.py,5,5,5,1,1,0,100.0,1,5,5,5,0,0,0,1
docs\non_orm_data_sources.rst,165,165,165,1,1,0,100.0,1,165,165,165,0,0,0,1
tests\core\fixtures\note_testdata.json,109,99,54,2,2,0,90.83,1.0,109,99,54,0,0,0,1
tests\settings.py,23,7,3,8,3,0,48.15,1.0,25,7,3,2,2,0,1
tests\core\tests\mocks.py,15,8,8,2,1,0,100.0,1.0,15,8,8,0,0,0,1
tests\alphanumeric\tests\http.py,117,72,23,5,2,0,53.79,1,131,72,26,14,8,3,1
tests\basic\tests\http.py,65,23,7,9,2,0,86.52,1,77,25,9,12,3,1,1
tastypie\admin.py,10,9,5,2,2,0,64.29,2.5,12,9,6,2,2,1,1
tests\alphanumeric\tests\views.py,157,159,39,4,2,0,87.56,3.0,175,159,44,18,12,4,1
tests\core\tests\__init__.py,16,5,2,10,3,0,44.44,1.0,17,5,2,1,1,0,1
tests\manage_namespaced.py,18,18,18,1,1,0,100.0,1,18,18,18,0,0,0,1
tests\manage_slashless.py,18,18,18,1,1,0,100.0,1,18,18,18,0,0,0,1
tests\namespaced\__init__.py,0,0,0,1,,,,0,0,0,0,0,0,0,1
tests\namespaced\api\__init__.py,0,0,0,1,,,,0,0,0,0,0,0,0,1
tests\namespaced\api\resources.py,21,21,21,1,1,0,100.0,1,21,21,21,0,0,0,1
tests\namespaced\api\urls.py,11,11,11,1,1,0,100.0,1,11,11,11,0,0,0,1
tests\namespaced\fixtures\initial_data.json,38,38,38,1,1,0,100.0,1,38,38,38,0,0,0,1
tests\namespaced\models.py,0,0,0,1,,,,0,0,0,0,0,0,0,1
tests\namespaced\tests.py,24,24,24,1,1,0,100.0,1,24,24,24,0,0,0,1
tests\settings_namespaced.py,5,5,5,1,1,0,100.0,1,5,5,5,0,0,0,1
tests\settings_slashless.py,9,9,9,1,1,0,100.0,1,9,9,9,0,0,0,1
tests\slashless\__init__.py,0,0,0,1,,,,0,0,0,0,0,0,0,1
tests\slashless\api\__init__.py,0,0,0,1,,,,0,0,0,0,0,0,0,1
tests\slashless\api\resources.py,21,21,21,1,1,0,100.0,1,21,21,21,0,0,0,1
tests\slashless\api\urls.py,11,15,6,2,1,0,100.0,1.5,16,15,8,5,5,2,1
tests\slashless\fixtures\initial_data.json,38,38,38,1,1,0,100.0,1,38,38,38,0,0,0,1
tests\slashless\models.py,0,0,0,1,,,,0,0,0,0,0,0,0,1
tests\basic\api\resources.py,21,7,3,7,3,0,56.86,2,36,14,5,15,8,2,1
tastypie\utils\__init__.py,5,1,1,6,3,0,55.56,1.0,7,2,1,2,1,0,1
tastypie\utils\urls.py,8,8,8,1,1,0,100.0,1,8,8,8,0,0,0,1
tests\basic\templates\404.html,0,0,0,1,,,,0,0,0,0,0,0,0,1
docs\Makefile,94,89,47,2,1,0,100.0,1.0,94,89,47,0,0,0,1
tastypie\utils\mime.py,49,29,10,5,2,0,54.39,1,53,29,11,4,1,1,1
docs\throttling.rst,97,91,48,2,1,0,100.0,1.0,97,91,48,0,0,0,1
docs\caching.rst,93,88,31,3,1,0,100.0,1,94,88,31,1,1,0,1
TODO,-16,11,-1,24,3,0,42.19,2.0,56,13,2,72,14,3,1
tastypie\constants.py,4,3,1,4,3,0,50.0,2.0,8,3,2,4,2,1,1
docs\reference\api.rst,5,5,5,1,1,0,100.0,1,5,5,5,0,0,0,1
docs\reference\authentication.rst,5,5,5,1,1,0,100.0,1,5,5,5,0,0,0,1
docs\reference\authorization.rst,5,5,5,1,1,0,100.0,1,5,5,5,0,0,0,1
docs\reference\bundle.rst,5,5,5,1,1,0,100.0,1,5,5,5,0,0,0,1
docs\reference\cache.rst,5,5,5,1,1,0,100.0,1,5,5,5,0,0,0,1
docs\reference\constants.rst,6,6,6,1,1,0,100.0,1,6,6,6,0,0,0,1
docs\reference\exceptions.rst,5,5,5,1,1,0,100.0,1,5,5,5,0,0,0,1
docs\reference\fields.rst,5,5,5,1,1,0,100.0,1,5,5,5,0,0,0,1
docs\reference\http.rst,5,5,5,1,1,0,100.0,1,5,5,5,0,0,0,1
docs\reference\index.rst,20,20,20,1,1,0,100.0,1,20,20,20,0,0,0,1
docs\reference\models.rst,5,5,5,1,1,0,100.0,1,5,5,5,0,0,0,1
docs\reference\paginator.rst,5,5,5,1,1,0,100.0,1,5,5,5,0,0,0,1
docs\reference\resources.rst,5,5,5,1,1,0,100.0,1,5,5,5,0,0,0,1
docs\reference\serializers.rst,5,5,5,1,1,0,100.0,1,5,5,5,0,0,0,1
docs\reference\throttle.rst,5,5,5,1,1,0,100.0,1,5,5,5,0,0,0,1
tests\basic\models.py,9,7,3,3,3,1,77.78,1,9,7,3,0,0,0,1
tests\basic\tests\__init__.py,3,1,1,5,3,0,60.0,1,4,2,1,1,1,0,1
tests\alphanumeric\api\resources.py,11,10,6,2,2,0,76.92,2.0,12,10,6,1,1,0,1
tests\alphanumeric\fixtures\initial_data.json,56,56,28,2,1,0,100.0,2.0,59,56,30,3,3,2,1
tests\alphanumeric\__init__.py,0,0,0,1,,,,0,0,0,0,0,0,0,1
tests\alphanumeric\api\__init__.py,0,0,0,1,,,,0,0,0,0,0,0,0,1
tests\alphanumeric\api\urls.py,8,8,8,1,1,0,100.0,1,8,8,8,0,0,0,1
tests\alphanumeric\models.py,16,16,16,1,1,0,100.0,1,16,16,16,0,0,0,1
tests\alphanumeric\tests\__init__.py,2,2,2,1,1,0,100.0,1,2,2,2,0,0,0,1
tests\alphanumeric\urls.py,5,5,5,1,1,0,100.0,1,5,5,5,0,0,0,1
tests\settings_alphanumeric.py,4,4,4,1,1,0,100.0,1,4,4,4,0,0,0,1
tests\manage_core.py,18,18,18,1,1,0,100.0,1,18,18,18,0,0,0,1
tastypie\management\__init__.py,0,0,0,1,,,,0,0,0,0,0,0,0,1
tastypie\management\commands\__init__.py,0,0,0,1,,,,0,0,0,0,0,0,0,1
tastypie\management\commands\backfill_api_keys.py,27,27,27,1,1,0,100.0,1,27,27,27,0,0,0,1
tests\core\tests\commands.py,40,40,40,1,1,0,100.0,1,40,40,40,0,0,0,1
docs\authentication.rst,6,6,6,1,1,0,100.0,1,6,6,6,0,0,0,1
tastypie\throttle.py,132,71,44,3,2,0,53.68,1,134,71,45,2,1,1,1
tests\core\forms.py,21,21,21,1,1,0,100.0,1,21,21,21,0,0,0,1
tastypie\utils\dict.py,12,12,12,1,1,0,100.0,1,12,12,12,0,0,0,1
tastypie\representations\__init__.py,0,0,0,1,,,,0,0,0,0,0,0,0,1
tests\complex\api\resources.py,41,28,20,2,2,0,71.13,1.0,69,41,34,28,28,14,1
tests\complex\api\urls.py,13,18,6,2,2,0,66.67,1.0,20,18,10,7,7,4,1
tests\core\tests\field_urls.py,30,25,15,2,2,0,50.0,2.5,40,25,20,10,10,5,1
tests\complex\api\representations.py,34,32,11,3,2,0,72.22,6,53,32,18,19,11,6,1
tests\complex\fixtures\test_data.json,180,288,60,3,1,0,100.0,1,288,288,96,108,108,36,1
tests\complex\models.py,77,51,26,3,1,0,100.0,3,79,51,26,2,2,1,1
tastypie\representations\models.py,73,27,4,19,3,0,54.06,2,178,35,9,105,33,6,1
tests\testcases.py,81,81,40,2,1,0,100.0,1.5,83,81,42,2,2,1,1
tests\basic\api\representations.py,15,10,2,8,4,1,51.16,1.0,29,10,4,14,6,2,1
tests\basic\api\urls.py,9,8,2,5,3,0,34.48,2,19,8,4,10,4,2,1
tastypie\cache.py,39,22,20,2,1,0,100.0,3.5,39,22,20,0,0,0,1
tastypie\representations\simple.py,176,33,9,20,3,0,46.86,3.0,247,41,12,71,12,4,1
tests\core\tests\representations.py,487,107,27,18,3,0,50.07,2.5,627,113,35,140,83,8,1
tests\core\tests\throttle.py,131,128,66,2,1,0,100.0,11.0,152,128,76,21,21,10,1
tests\core\tests\cache.py,58,58,58,1,1,0,100.0,1,58,58,58,0,0,0,1
tests\settings_complex.py,9,5,4,2,1,0,100.0,1.0,11,6,6,2,2,1,1
tests\complex\__init__.py,0,0,0,1,,,,0,0,0,0,0,0,0,1
tests\complex\api\__init__.py,0,0,0,1,,,,0,0,0,0,0,0,0,1
tests\complex\tests\__init__.py,0,0,0,1,,,,0,0,0,0,0,0,0,1
tests\complex\urls.py,5,5,5,1,1,0,100.0,1,5,5,5,0,0,0,1
tests\manage_complex.py,18,18,18,1,1,0,100.0,1,18,18,18,0,0,0,1
tests\basic\__init__.py,0,0,0,1,,,,0,0,0,0,0,0,0,1
tests\basic\api\__init__.py,0,0,0,2,,,,0.0,0,0,0,0,0,0,1
tests\basic\fixtures\initial_data.json,38,38,13,3,3,1,82.61,1,42,38,14,4,3,1,1
tests\basic\urls.py,5,5,5,1,1,0,100.0,1,5,5,5,0,0,0,1
tests\manage_basic.py,18,18,18,1,1,0,100.0,1,18,18,18,0,0,0,1
tests\settings_basic.py,4,4,4,1,1,0,100.0,1,4,4,4,0,0,0,1
tests\core\tests\manual_urls.py,9,9,9,1,1,0,100.0,1,9,9,9,0,0,0,1
tastypie\utils\validate_jsonp.py,211,211,211,1,1,0,100.0,1,211,211,211,0,0,0,1
tests\core\tests\api_urls.py,11,11,11,1,1,0,100.0,1,11,11,11,0,0,0,1
example\settings.py,19,19,19,1,1,0,100.0,1,19,19,19,0,0,0,1
example\urls.py,-1,-1,-1,1,1,0,100.0,2,2,2,2,3,3,3,1
tests\core\__init__.py,0,0,0,1,,,,0,0,0,0,0,0,0,1
tastypie\templates\tastypie\detail.html,4,4,4,1,1,0,100.0,1,4,4,4,0,0,0,1
tastypie\templates\tastypie\list.html,4,4,4,1,1,0,100.0,1,4,4,4,0,0,0,1
LICENSE,0,0,0,1,1,0,100.0,1,1,1,1,1,1,1,1
README.rst,48,14,1,37,12,7,26.21,1,127,21,3,79,16,2,0
docs\resources.rst,168,21,4,43,28,25,43.48,1,268,38,6,100,17,2,0
.travis.yml,61,18,2,34,7,2,49.39,1.5,154,20,5,93,24,3,0
tests\alphanumeric\migrations\0001_initial.py,24,24,24,1,1,0,100.0,1,24,24,24,0,0,0,0
tests\alphanumeric\migrations\__init__.py,0,0,0,1,,,,0,0,0,0,0,0,0,0
tests\authorization\migrations\0001_initial.py,40,40,40,1,1,0,100.0,1,40,40,40,0,0,0,0
tests\authorization\migrations\__init__.py,0,0,0,1,,,,0,0,0,0,0,0,0,0
tests\basic\migrations\0001_initial.py,48,48,48,1,1,0,100.0,1,48,48,48,0,0,0,0
tests\basic\migrations\__init__.py,0,0,0,1,,,,0,0,0,0,0,0,0,0
tests\content_gfk\migrations\0001_initial.py,49,49,49,1,1,0,100.0,1,49,49,49,0,0,0,0
tests\content_gfk\migrations\__init__.py,0,0,0,1,,,,0,0,0,0,0,0,0,0
tests\core\migrations\0001_initial.py,117,117,117,1,1,0,100.0,1,117,117,117,0,0,0,0
tests\core\migrations\__init__.py,0,0,0,1,,,,0,0,0,0,0,0,0,0
tests\core\models.py,94,30,6,17,9,4,40.96,2,141,31,8,47,21,3,0
tests\customuser\migrations\0001_initial.py,29,29,29,1,1,0,100.0,1,29,29,29,0,0,0,0
tests\customuser\migrations\__init__.py,0,0,0,1,,,,0,0,0,0,0,0,0,0
tests\gis\migrations\0001_initial.py,43,43,43,1,1,0,100.0,1,43,43,43,0,0,0,0
tests\gis\migrations\__init__.py,0,0,0,1,,,,0,0,0,0,0,0,0,0
tests\profilingtests\migrations\0001_initial.py,31,31,31,1,1,0,100.0,1,31,31,31,0,0,0,0
tests\profilingtests\migrations\__init__.py,0,0,0,1,,,,0,0,0,0,0,0,0,0
tests\related_resource\migrations\0001_initial.py,190,190,190,1,1,0,100.0,1,190,190,190,0,0,0,0
tests\related_resource\migrations\__init__.py,0,0,0,1,,,,0,0,0,0,0,0,0,0
tests\settings.py,70,13,4,17,7,1,32.73,1,90,13,5,20,7,1,0
tests\settings_gis_spatialite.py,11,7,3,4,2,0,60.0,1.0,13,7,3,2,1,0,0
tox.ini,-23,21,0,51,11,7,55.39,3,559,51,11,582,104,11,0
tastypie\validation.py,42,15,7,6,4,0,47.92,4.0,69,22,12,27,13,4,0
tests\validation\tests.py,175,138,13,13,9,5,47.72,2,274,147,21,99,47,8,0
tastypie\resources.py,594,173,4,135,50,47,44.53,2,1422,326,11,828,153,6,0
tests\core\tests\resources.py,2730,374,25,110,39,36,31.42,3.0,3582,384,33,852,198,8,0
docs\cookbook.rst,395,153,11,37,25,19,36.64,2,555,198,15,160,45,4,0
docs\fields.rst,34,25,7,5,4,1,72.92,1,41,26,8,7,3,1,0
docs\who_uses.rst,41,11,5,9,8,0,34.67,1,58,12,6,17,8,2,0
tastypie\fields.py,157,35,3,57,28,24,39.64,2,472,52,8,315,74,6,0
docs\code\myapp\models.py,8,8,4,2,2,0,80.0,1.0,9,8,4,1,1,0,0
docs\code\myproject\wsgi.py,14,14,5,3,2,0,77.78,1,16,14,5,2,1,1,0
docs\conf.py,32,10,1,30,6,4,55.93,2.0,134,49,4,102,49,3,0
setup.cfg,7,5,2,3,3,0,55.56,1,8,5,3,1,1,0,0
tastypie\authentication.py,216,50,9,25,12,8,36.11,2,306,61,12,90,29,4,0
tastypie\compat.py,47,22,5,10,7,3,26.77,2.0,87,22,9,40,19,4,0
tastypie\serializers.py,137,44,4,37,15,12,39.94,2,399,79,11,262,51,7,0
tastypie\utils\__init__.py,11,10,3,4,3,1,64.52,1.0,21,10,5,10,5,2,0
tastypie\utils\formatting.py,-1,5,0,6,5,2,62.86,2.5,17,6,3,18,12,3,0
tastypie\utils\validate_jsonp.py,3,3,0,8,4,1,65.06,1.5,43,28,5,40,26,5,0
tests\alphanumeric\tests\__init__.py,-1,0,0,3,3,0,57.14,1,3,2,1,4,2,1,0
tests\basic\tests\__init__.py,-1,0,0,3,3,0,54.55,1,5,3,2,6,3,2,0
tests\content_gfk\tests\__init__.py,5,4,1,4,4,0,30.77,1.0,9,4,2,4,2,1,0
tests\core\tests\__init__.py,9,9,3,3,2,0,58.73,2,36,14,12,27,14,9,0
tests\customuser\tests\__init__.py,1,1,0,3,3,0,40.0,1,3,1,1,2,1,1,0
tests\gis\tests\__init__.py,1,2,0,4,4,0,44.44,1.0,5,2,1,4,2,1,0
tests\settings_alphanumeric.py,0,1,0,3,2,0,66.67,1,3,1,1,3,2,1,0
tests\settings_authorization.py,6,6,2,3,3,0,60.0,1,8,6,3,2,1,1,0
tests\settings_basic.py,1,12,0,5,3,1,89.66,1,15,12,3,14,11,3,0
tests\settings_content_gfk.py,5,7,2,3,3,0,46.67,1,10,7,3,5,4,2,0
tests\settings_core.py,7,5,1,5,4,0,41.38,1,18,7,4,11,5,2,0
tests\settings_customuser.py,25,26,6,4,4,0,78.79,1.0,29,26,7,4,2,1,0
tests\settings_gis.py,12,13,2,6,3,0,53.12,1.0,22,13,4,10,7,2,0
tests\settings_namespaced.py,0,0,0,2,2,0,50.0,1.0,2,1,1,2,1,1,0
tests\settings_profilingtests.py,30,32,8,4,2,0,90.91,2.0,37,32,9,7,3,2,0
tests\settings_related.py,0,0,0,2,2,0,50.0,1.0,2,1,1,2,1,1,0
tests\settings_slashless.py,-1,0,0,3,2,0,60.0,1,2,1,1,3,1,1,0
tests\settings_validation.py,0,0,0,2,2,0,50.0,1.0,2,1,1,2,1,1,0
docs\release_notes\index.rst,24,8,2,11,5,1,39.29,1,26,8,2,2,2,0,0
tastypie\__init__.py,7,7,0,26,3,0,77.22,1.0,43,8,2,36,8,1,0
docs\index.rst,67,45,2,34,15,12,48.5,1.0,150,45,4,83,28,2,0
docs\release_notes\v0.14.1.rst,17,17,17,1,1,0,100.0,1,17,17,17,0,0,0,0
docs\release_notes\v0.14.2.rst,7,7,7,1,1,0,100.0,1,7,7,7,0,0,0,0
docs\release_notes\dev.rst,16,11,1,30,14,11,54.72,1.0,61,11,2,45,19,2,0
tastypie\paginator.py,38,10,3,14,9,5,54.71,2.0,104,40,7,66,30,5,0
tests\core\tests\paginator.py,136,31,10,14,8,3,38.65,3.5,209,46,15,73,20,5,0
docs\debugging.rst,8,15,1,6,5,1,35.42,1.0,28,15,5,20,15,3,0
tests\core\tests\fields.py,316,152,11,28,17,13,40.66,2.0,399,154,14,83,27,3,0
docs\serialization.rst,50,41,5,11,9,5,30.0,2,140,55,13,90,24,8,0
AUTHORS,67,3,1,75,38,35,33.91,1,91,4,1,24,2,0,0
docs\geodjango.rst,96,95,32,3,3,2,95.0,1,98,95,33,2,2,1,0
tastypie\migrations\0002_api_access_url_length.py,20,20,20,1,1,0,100.0,1,20,20,20,0,0,0,0
tastypie\models.py,4,4,0,16,13,8,26.39,2.0,38,8,2,34,7,2,0
tests\core\tests\throttle.py,26,10,3,8,4,0,49.23,2.5,78,24,10,52,21,6,0
docs\tools.rst,99,26,7,14,11,6,35.9,1.0,108,26,8,9,5,1,0
tests\gis\models.py,43,35,9,5,4,0,50.72,2,56,35,11,13,10,3,0
tests\namespaced\api\urls.py,7,6,1,6,5,0,27.59,1.5,18,7,3,11,4,2,0
docs\release_notes\v0.14.0.rst,29,24,14,2,2,0,82.76,1.0,29,24,14,0,0,0,0
docs\release_notes\v0.13.3.rst,11,9,6,2,2,0,81.82,1.0,11,9,6,0,0,0,0
docs\code\myproject\settings.py,85,85,42,2,2,0,85.86,4.0,92,85,46,7,7,4,0
docs\content_types.rst,74,70,18,4,4,2,85.37,1.0,78,70,20,4,3,1,0
docs\tutorial.rst,-5,5,0,20,10,7,59.26,1.0,65,27,3,70,27,4,0
tastypie\api.py,28,8,2,15,9,3,28.57,2,63,14,4,35,6,2,0
tastypie\contrib\contenttypes\resources.py,50,34,6,8,6,1,43.59,1.0,64,34,8,14,4,2,0
tastypie\test.py,557,262,37,15,8,6,66.34,1,684,262,46,127,78,8,0
tests\alphanumeric\fixtures\test_data.json,9,9,3,3,3,1,71.79,2,24,14,8,15,14,5,0
tests\authorization\models.py,36,35,18,2,2,0,92.11,1.0,37,35,18,1,1,0,0
tests\authorization\tests.py,250,213,31,8,6,3,76.24,2.0,266,213,33,16,6,2,0
tests\basic\fixtures\test_data.json,18,18,6,3,3,1,71.43,2,23,19,8,5,4,2,0
tests\basic\models.py,26,13,4,7,5,1,48.15,2,40,14,6,14,5,2,0
tests\content_gfk\models.py,27,26,7,4,3,0,74.29,1.5,31,26,8,4,2,1,0
tests\core\fixtures\note_testdata.json,65,26,13,5,4,0,36.36,2,82,27,16,17,12,3,0
tests\customuser\fixtures\customuser.json,14,14,7,2,2,0,87.5,1.0,15,14,8,1,1,0,0
tests\gis\fixtures\test_data.json,59,59,20,3,3,1,54.26,1,94,59,31,35,35,12,0
tests\manage_alphanumeric.py,12,18,3,4,2,1,95.24,1.0,27,18,7,15,14,4,0
tests\manage_authorization.py,12,18,3,4,3,1,52.38,1.0,27,18,7,15,14,4,0
tests\manage_basic.py,-6,2,-2,3,2,0,91.67,1,9,5,3,15,14,5,0
tests\manage_content_gfk.py,12,18,2,7,5,3,47.83,1,29,18,4,17,14,2,0
tests\manage_core.py,-6,2,-2,4,3,0,84.62,1.0,10,5,2,16,14,4,0
tests\manage_customuser.py,12,18,2,5,3,1,54.55,1,28,18,6,16,14,3,0
tests\manage_gis.py,12,18,3,4,3,1,52.38,1.0,27,18,7,15,14,4,0
tests\manage_gis_spatialite.py,12,9,4,3,2,0,85.71,1,13,9,4,1,1,0,0
tests\manage_namespaced.py,-6,2,-2,3,2,0,91.67,1,9,5,3,15,14,5,0
tests\manage_profilingtests.py,12,9,4,3,2,0,85.71,1,13,9,4,1,1,0,0
tests\manage_related.py,-6,2,-2,3,2,0,91.67,1,9,5,3,15,14,5,0
tests\manage_slashless.py,-6,2,-2,3,2,0,91.67,1,9,5,3,15,14,5,0
tests\manage_validation.py,-6,2,-2,3,2,0,91.67,1,9,5,3,15,14,5,0
tests\namespaced\fixtures\test_data.json,0,0,0,2,2,1,100.0,1.5,5,5,2,5,5,2,0
tests\namespaced\tests.py,-2,3,0,8,8,0,23.68,1.5,18,4,2,20,6,2,0
tests\profilingtests\models.py,31,32,8,4,2,0,91.89,1.0,34,32,8,3,2,1,0
tests\profilingtests\tests.py,46,39,12,4,2,0,93.42,2.0,61,39,15,15,12,4,0
tests\related_resource\fixtures\test_data.json,7,7,2,3,3,1,69.57,1,15,8,5,8,8,3,0
tests\related_resource\models.py,127,53,13,10,7,2,31.71,3.0,166,53,17,39,14,4,0
tests\related_resource\tests.py,968,221,24,40,16,13,37.36,3.0,1267,223,32,299,47,7,0
tests\slashless\fixtures\test_data.json,0,0,0,2,2,1,100.0,1.5,5,5,2,5,5,2,0
tests\core\tests\api.py,79,28,6,14,7,4,52.63,2.0,106,28,8,27,9,2,0
tests\core\tests\authentication.py,376,145,24,16,6,1,51.63,4.0,711,171,44,335,103,21,0
tests\run_all_tests.sh,6,11,0,13,6,2,37.36,2,94,25,7,88,43,7,0
tastypie\utils\urls.py,8,5,2,4,3,0,77.78,1.5,13,9,3,5,4,1,0
tastypie\migrations\0001_initial.py,-52,2,-9,6,5,2,79.41,4.0,59,40,10,111,95,18,0
docs\non_orm_data_sources.rst,1,3,0,6,5,3,69.41,1.5,43,27,7,42,32,7,0
docs\release_notes\v0.12.2.rst,14,14,7,2,2,0,87.5,1.0,15,14,8,1,1,0,0
tastypie\utils\mime.py,10,9,1,7,4,1,43.1,2,34,11,5,24,11,3,0
docs\authentication.rst,26,22,2,13,8,5,64.84,1,104,22,8,78,65,6,0
docs\release_notes\v0.11.0.rst,47,47,24,2,2,1,95.92,1.0,48,47,24,1,1,0,0
docs\release_notes\v0.9.13.rst,39,37,10,4,4,0,67.27,1.5,47,37,12,8,4,2,0
docs\interacting.rst,71,41,12,6,5,1,44.09,1.5,82,41,14,11,7,2,0
tastypie\exceptions.py,35,20,5,7,3,1,52.38,2,49,21,7,14,6,2,0
tastypie\http.py,16,8,2,7,6,1,28.12,1,24,8,3,8,5,1,0
tests\core\tests\http.py,37,32,12,3,3,2,93.58,1,73,67,24,36,35,12,0
docs\authorization.rst,200,164,40,5,4,2,79.81,1,204,164,41,4,2,1,0
tastypie\admin.py,15,13,3,5,3,0,62.22,2,30,14,6,15,10,3,0
tastypie\management\commands\backfill_api_keys.py,3,2,1,5,5,0,55.17,2,16,9,3,13,7,3,0
tests\alphanumeric\tests\views.py,120,106,11,11,7,3,36.81,5,204,106,19,84,28,8,0
tests\basic\tests\views.py,153,96,8,20,11,7,36.56,1.0,216,99,11,63,16,3,0
tests\gis\tests\views.py,280,176,25,11,7,4,51.76,1,310,176,28,30,11,3,0
tests\slashless\tests.py,-16,3,-2,9,8,1,33.75,3,32,8,4,48,12,5,0
tests\testcases.py,-76,13,-8,10,7,4,62.94,1.5,47,16,5,123,106,12,0
docs\paginator.rst,165,91,41,4,4,2,53.22,1.5,168,91,42,3,2,1,0
tests\core\tests\serializers.py,155,57,7,22,8,4,35.16,3.0,342,57,16,187,59,8,0
docs\release_notes\v0.13.2.rst,27,27,27,1,1,0,100.0,1,27,27,27,0,0,0,0
docs\code\myproject\urls.py,10,10,5,2,1,0,100.0,2.0,13,10,6,3,3,2,0
docs\namespaces.rst,32,32,16,2,2,0,84.21,2.0,35,32,18,3,3,2,0
docs\testing.rst,604,587,101,6,4,2,85.43,1.0,652,587,109,48,44,8,0
tastypie\authorization.py,131,162,16,8,4,1,61.87,6.5,295,202,37,164,84,20,0
tests\core\tests\resource_urls.py,7,10,1,7,5,0,36.36,2,31,15,4,24,7,3,0
requirements.txt,-5,2,0,14,6,4,41.46,1.0,18,4,1,23,6,2,0
setup.py,12,3,0,38,10,8,65.22,1.0,52,4,1,40,4,1,0
tests\core\tests\authorization.py,109,80,27,4,2,0,94.85,3.0,171,134,43,62,54,16,0
docs\release_notes\v0.13.1.rst,13,13,13,1,1,0,100.0,1,13,13,13,0,0,0,0
tastypie\bundle.py,18,7,3,6,4,0,45.83,2.0,21,8,4,3,1,0,0
tests\basic\tests\resources.py,102,54,17,6,5,0,37.04,5.0,132,57,22,30,11,5,0
docs\code\authentication.py,4,4,4,1,1,0,100.0,1,4,4,4,0,0,0,0
docs\code\manage.py,10,10,10,1,1,0,100.0,1,10,10,10,0,0,0,0
docs\code\myapp\__init__.py,0,0,0,1,,,,0,0,0,0,0,0,0,0
docs\code\myapp\api\__init__.py,0,0,0,1,,,,0,0,0,0,0,0,0,0
docs\code\myapp\api\resources.py,8,8,8,1,1,0,100.0,1,8,8,8,0,0,0,0
docs\code\myapp\urls.py,4,4,4,1,1,0,100.0,1,4,4,4,0,0,0,0
docs\code\myproject\__init__.py,0,0,0,1,,,,0,0,0,0,0,0,0,0
CONTRIBUTING,140,131,35,4,2,0,87.33,1.0,145,131,36,5,3,1,0
docs\contributing.rst,140,131,35,4,2,0,87.5,1.5,146,131,36,6,3,2,0
docs\api.rst,7,7,2,3,3,1,52.0,3,16,10,5,9,6,3,0
docs\release_notes\v0.13.0.rst,41,41,41,1,1,0,100.0,1,41,41,41,0,0,0,0
tests\alphanumeric\urls.py,1,3,0,5,4,0,34.78,1,12,4,2,11,4,2,0
tests\authorization\urls.py,16,14,3,5,4,0,41.18,1,25,14,5,9,4,2,0
tests\basic\urls.py,1,3,0,5,4,0,34.78,1,12,4,2,11,4,2,0
tests\content_gfk\urls.py,6,5,1,6,5,0,28.57,1.0,17,5,3,11,4,2,0
tests\core\tests\api_urls.py,1,3,0,5,4,0,34.78,1,12,4,2,11,4,2,0
tests\core\tests\manual_urls.py,0,3,0,4,4,0,36.36,1.5,11,4,3,11,4,3,0
tests\gis\urls.py,6,5,1,6,5,0,28.57,1.0,17,5,3,11,4,2,0
tests\profilingtests\urls.py,14,17,5,3,2,0,73.33,1,22,17,7,8,4,3,0
tests\slashless\api\urls.py,1,3,0,5,4,0,28.57,1,11,4,2,10,4,2,0
tests\validation\api\urls.py,5,4,1,6,5,0,37.93,2.0,17,5,3,12,4,2,0
tests\alphanumeric\tests\http.py,28,12,3,11,5,1,39.42,2,66,15,6,38,9,3,0
tests\basic\tests\http.py,101,41,6,17,9,4,31.34,2,151,44,9,50,16,3,0
tests\gis\tests\http.py,231,165,18,13,6,2,44.24,3,302,165,23,71,16,5,0
tests\gis\tests\utils.py,4,5,1,3,1,0,100.0,1,6,5,2,2,1,1,0
tastypie\cache.py,59,43,8,7,7,4,51.58,2,77,46,11,18,7,3,0
docs\compatibility_notes.rst,28,28,9,3,2,0,93.75,1,30,28,10,2,1,1,0
docs\python3.rst,65,65,22,3,3,2,94.2,1,67,65,22,2,1,1,0
tastypie\south_migrations\__init__.py,0,0,0,2,,,,0.0,0,0,0,0,0,0,0
tastypie\utils\dict.py,2,3,0,6,2,0,65.62,2.0,17,7,3,15,7,2,0
tastypie\utils\timezone.py,36,30,7,5,4,1,48.75,1,58,30,12,22,20,4,0
tests\content_gfk\tests\fields.py,83,83,21,4,3,1,87.37,1.0,89,83,22,6,4,2,0
tests\core\tests\commands.py,-6,1,-2,3,2,0,78.57,5,18,11,6,24,10,8,0
tests\core\tests\mocks.py,6,10,2,4,3,0,56.67,2.0,18,10,4,12,9,3,0
tests\core\tests\utils.py,55,26,6,9,4,1,60.0,3,100,26,11,45,21,5,0
tests\core\tests\validation.py,3,3,1,3,2,0,75.76,4,18,8,6,15,8,5,0
tests\basic\api\resources.py,59,16,6,10,5,0,32.1,1.5,70,16,7,11,5,1,0
tests\basic\api\urls.py,11,3,1,9,7,0,24.32,2,24,5,3,13,4,1,0
tests\core\utils.py,15,15,15,1,1,0,100.0,3,15,15,15,0,0,0,0
tastypie\south_migrations\0001_initial.py,93,97,31,3,3,2,96.04,1,97,97,32,4,3,1,0
tastypie\south_migrations\0002_add_apikey_index.py,73,72,10,7,6,2,68.57,1,89,72,13,16,6,2,0
tests\related_resource\api\resources.py,180,65,15,12,8,3,41.54,3.0,220,66,18,40,21,3,0
tests\related_resource\api\urls.py,20,9,2,8,4,0,53.7,2.0,37,10,5,17,6,2,0
tests\alphanumeric\api\resources.py,-1,-1,-1,1,1,0,100.0,1,0,0,0,1,1,1,0
tests\alphanumeric\api\urls.py,0,3,0,3,2,0,50.0,1,5,4,2,5,4,2,0
tests\alphanumeric\models.py,0,1,0,2,2,0,91.67,2.5,6,6,3,6,5,3,0
tests\authorization\api\resources.py,92,92,46,2,2,1,97.87,1.0,93,92,46,1,1,0,0
tests\content_gfk\api\resources.py,37,33,12,3,3,0,89.19,2,37,33,12,0,0,0,0
tests\content_gfk\api\urls.py,12,13,3,4,3,0,54.17,1.0,18,13,4,6,4,2,0
tests\content_gfk\tests\resources.py,18,20,9,2,2,0,90.91,1.5,20,20,10,2,2,1,0
tests\core\forms.py,0,0,0,1,1,0,100.0,1,1,1,1,1,1,1,0
tests\core\tests\cache.py,4,4,1,3,2,0,56.82,5,24,13,8,20,12,7,0
tests\customuser\tests\custom_user.py,48,51,10,5,4,0,67.11,1,62,51,12,14,5,3,0
tests\gis\api\urls.py,9,9,2,4,3,0,47.37,1.0,14,9,4,5,4,1,0
tests\namespaced\api\resources.py,0,0,0,1,1,0,100.0,2,2,2,2,2,2,2,0
tests\profilingtests\resources.py,28,28,14,2,1,0,100.0,1.0,29,28,14,1,1,0,0
tests\slashless\api\resources.py,0,0,0,1,1,0,100.0,1,1,1,1,1,1,1,0
tests\validation\api\resources.py,32,27,16,2,2,0,71.74,6.5,39,30,20,7,4,4,0
tastypie\throttle.py,12,8,2,6,3,1,50.98,3.0,57,23,10,45,22,8,0
BACKWARDS-INCOMPATIBLE.txt,25,13,2,10,6,4,61.22,1.0,37,19,4,12,6,1,0
docs\settings.rst,33,22,7,5,5,1,44.9,1,41,22,8,8,5,2,0
tests\requirements.txt,8,8,1,14,7,3,30.95,1.0,25,8,2,17,7,1,0
docs\release_notes\v0.9.16.rst,40,40,13,3,2,1,95.45,1,42,40,14,2,1,1,0
tests\complex\__init__.py,0,0,0,1,,,,0,0,0,0,0,0,0,0
tests\complex\api\__init__.py,0,0,0,1,,,,0,0,0,0,0,0,0,0
tests\complex\tests\__init__.py,0,0,0,1,,,,0,0,0,0,0,0,0,0
docs\release_notes\v0.12.1.rst,7,7,7,1,1,0,100.0,1,7,7,7,0,0,0,0
docs\release_notes\v0.12.0.rst,39,39,39,1,1,0,100.0,1,39,39,39,0,0,0,0
tests\customuser\models.py,42,41,21,2,2,1,97.73,1.0,43,42,22,1,1,0,0
tests\validation\fixtures\test_data.json,0,0,0,1,,,,0,0,0,0,0,0,0,0
tests\profilingtests\__init__.py,0,0,0,1,,,,0,0,0,0,0,0,0,0
tests\manage_complex.py,-9,-9,-9,1,1,0,100.0,3,5,5,5,14,14,14,0
docs\release_notes\v0.11.1.rst,65,65,22,3,1,0,100.0,1,67,65,22,2,1,1,0
tastypie\contrib\gis\resources.py,77,72,9,9,8,4,64.86,1,94,72,10,17,6,2,0
tests\complex\fixtures\test_data.json,0,0,0,1,1,0,100.0,2,2,2,2,2,2,2,0
tests\complex\models.py,-11,2,-6,2,2,0,78.38,3.5,13,8,6,24,21,12,0
docs\release_notes\v0.10.0.rst,16,16,8,2,1,0,100.0,1.0,17,16,8,1,1,0,0
docs\throttling.rst,51,51,17,3,1,0,100.0,1,54,51,18,3,2,1,0
docs\caching.rst,86,55,22,4,4,1,43.12,4.5,123,62,31,37,25,9,0
docs\toc.rst,8,2,1,6,1,0,100.0,1.0,11,4,2,3,2,0,0
tastypie\contrib\contenttypes\fields.py,55,53,14,4,3,0,89.83,1.0,57,53,14,2,1,0,0
tastypie\constants.py,2,2,2,1,1,0,100.0,1,2,2,2,0,0,0,0
tastypie\utils\mimeparse.py,167,167,167,1,1,0,100.0,1,167,167,167,0,0,0,0
VERSION,1,1,0,5,2,0,77.78,1,5,1,1,4,1,1,0
docs\release_notes\v0.9.15.rst,46,46,46,1,1,0,100.0,1,46,46,46,0,0,0,0
docs\release_notes\v0.9.14.rst,20,20,20,1,1,0,100.0,1,20,20,20,0,0,0,0
.gitignore,2,1,1,2,1,0,100.0,1.0,2,1,1,0,0,0,0
tests\complex\urls.py,3,3,2,2,2,0,55.56,1.5,6,4,3,3,2,2,0
tests\customuser\__init__.py,0,0,0,1,,,,0,0,0,0,0,0,0,0
tests\complex\api\urls.py,3,3,3,1,1,0,100.0,1,4,4,4,1,1,1,0
MANIFEST.in,6,5,3,2,1,0,100.0,1.0,6,5,3,0,0,0,0
docs\validation.rst,0,0,0,2,2,0,66.67,1.0,3,2,2,3,2,2,0
tests\requirements_25.txt,8,7,4,2,2,0,87.5,1.0,8,7,4,0,0,0,0
docs\Makefile,6,6,6,1,1,0,100.0,2,6,6,6,0,0,0,0
tests\authorization\__init__.py,0,0,0,1,,,,0,0,0,0,0,0,0,0
tests\authorization\api\__init__.py,0,0,0,1,,,,0,0,0,0,0,0,0,0
tastypie\contrib\contenttypes\__init__.py,0,0,0,1,,,,0,0,0,0,0,0,0,0
tests\content_gfk\__init__.py,0,0,0,1,,,,0,0,0,0,0,0,0,0
tests\content_gfk\api\__init__.py,0,0,0,1,,,,0,0,0,0,0,0,0,0
tastypie\contrib\__init__.py,0,0,0,1,,,,0,0,0,0,0,0,0,0
tastypie\contrib\gis\COPYING,22,22,22,1,1,0,100.0,1,22,22,22,0,0,0,0
tastypie\contrib\gis\__init__.py,0,0,0,1,,,,0,0,0,0,0,0,0,0
tests\gis\__init__.py,0,0,0,1,,,,0,0,0,0,0,0,0,0
tests\gis\api\__init__.py,0,0,0,1,,,,0,0,0,0,0,0,0,0
tests\gis\api\resources.py,27,27,27,1,1,0,100.0,1,27,27,27,0,0,0,0
tests\gis\templates\404.html,0,0,0,1,,,,0,0,0,0,0,0,0,0
